{
  "0": {"cam_K": [537.4799262152778, 0.0, 318.8965148925781, 0.0, 536.1447107477971, 238.3780975537306, 0.0, 0.0, 1.0], "cam_R_w2c": [1.0, -0.0, 0.0, 0.0, 1.0, 8.742277657347586e-08, -0.0, -8.742277657347586e-08, 1.0], "cam_t_w2c": [-0.0, 0.0, -0.0], "depth_scale": 1.0}
}